{"cameraMode":{"drawMode":0,"name":"Shaded","section":"Shading Mode"},"sceneLighting":true,"audioPlay":false,"sceneViewState":{"m_AlwaysRefresh":false,"showFog":true,"showSkybox":true,"showFlares":true,"showImageEffects":true,"showParticleSystems":true,"showVisualEffectGraphs":true,"m_FxEnabled":true},"in2DMode":false,"pivot":{"x":3.8992862701416017,"y":6.377711296081543,"z":-0.7757935523986816},"rotation":{"x":-0.07135568559169769,"y":0.00687061483040452,"z":-0.00046278731315396726,"w":-0.9975451827049255},"size":0.9890844225883484,"orthographic":false}